name	label	description
authoritative_id	HEW resource ID	Canonical HEW identifier
title	Title	Resource title
description	Description	Resource description
resource_type	Resource type	HEW resource type
spatial_coverage	Spatial coverage	Legacy searchable spatial coverage
temporal_coverage	Temporal coverage	Legacy searchable temporal coverage
environmental_variables	Environmental variables	Structured variables or flattened discovery labels
access_rights	Access rights	Access conditions
license	License	Reuse license
related_resources	Related resources	Canonical IDs of related resources
